unroll_factor,exectime1,exectime2,exectime3,exectime4,exectime5
22,0.001000,0.001000,0.001000,0.001000,0.001000
10,0.005000,0.003000,0.003000,0.003000,0.003000
